<?xml version="1.0" encoding="UTF-8" ?>
<XMLDB PATH="local/teal/db" VERSION="20200213" COMMENT="XMLDB file for Folder module"
    xmlns:xsi="http://www.w3.org/2001/XMLSchema-instance"
    xsi:noNamespaceSchemaLocation="../../../lib/xmldb/xmldb.xsd"
>
  <TABLES>
    <TABLE NAME="teal_course_metadata" COMMENT="Each record is a metadata for one course">
      <FIELDS>
        <FIELD NAME="id" TYPE="int" LENGTH="10" NOTNULL="true" SEQUENCE="true"/>
        <FIELD NAME="code" TYPE="text" NOTNULL="true" SEQUENCE="false"/>
        <FIELD NAME="category" TYPE="text" NOTNULL="true" SEQUENCE="false"/>
        <FIELD NAME="type" TYPE="text" NOTNULL="true" SEQUENCE="false"/>
        <FIELD NAME="id" TYPE="int" LENGTH="10" NOTNULL="true" SEQUENCE="false"/>
        <FIELD NAME="credits" TYPE="int" LENGTH="10" NOTNULL="true" SEQUENCE="false"/>
        <FIELD NAME="level" TYPE="text" NOTNULL="true" SEQUENCE="false"/>
        <FIELD NAME="name" TYPE="text" NOTNULL="true" SEQUENCE="false"/>
        <FIELD NAME="learning_outcomes" TYPE="text" NOTNULL="true" SEQUENCE="false"/>
        <FIELD NAME="is_global" TYPE="int" LENGTH="10" NOTNULL="true" SEQUENCE="false"/>
      </FIELDS>
      <KEYS>
        <KEY NAME="primary" TYPE="primary" FIELDS="id"/>
      </KEYS>
    </TABLE>
    <TABLE NAME="teal_settings" COMMENT="Some trivial settings for teal">
      <FIELDS>
        <FIELD NAME="id" TYPE="int" LENGTH="10" NOTNULL="true" SEQUENCE="true"/>
        <FIELD NAME="name" TYPE="text" NOTNULL="true" SEQUENCE="false"/>
        <FIELD NAME="value" TYPE="text" NOTNULL="true" SEQUENCE="false"/>
        <FIELD NAME="is_secret" TYPE="binary" NOTNULL="true" SEQUENCE="false"/>
      </FIELDS>
      <KEYS>
        <KEY NAME="primary" TYPE="primary" FIELDS="id"/>
      </KEYS>
    </TABLE>
    <TABLE NAME="teal_course_content_metadata" COMMENT="Course Content Metadata">
      <FIELDS>
        <FIELD NAME="id" TYPE="int" LENGTH="10" NOTNULL="true" SEQUENCE="true"/>
        <FIELD NAME="content_name" TYPE="text" NOTNULL="true" SEQUENCE="false"/>
        <FIELD NAME="content_code" TYPE="text" NOTNULL="true" SEQUENCE="false"/>
        <FIELD NAME="description" TYPE="text" NOTNULL="true" SEQUENCE="false"/>
        <FIELD NAME="course_id" TYPE="int" LENGTH="10" NOTNULL="true" SEQUENCE="false"/>
        <FIELD NAME="global" TYPE="int" LENGTH="10" NOTNULL="true" SEQUENCE="false"/>
      </FIELDS>
      <KEYS>
        <KEY NAME="primary" TYPE="primary" FIELDS="id"/>
      </KEYS>
    </TABLE>
     <TABLE NAME="teal_program_metadata" COMMENT="Program Metadata">
      <FIELDS>
        <FIELD NAME="id" TYPE="int" LENGTH="10" NOTNULL="true" SEQUENCE="true"/>
        <FIELD NAME="program_name" TYPE="text" NOTNULL="true" SEQUENCE="false"/>
        <FIELD NAME="program_level" TYPE="text" NOTNULL="true" SEQUENCE="false"/>
        <FIELD NAME="program_objectives" TYPE="text" NOTNULL="false" SEQUENCE="false"/>
        <FIELD NAME="program_code" TYPE="text" NOTNULL="true" SEQUENCE="false"/>
        <FIELD NAME="program_credits" TYPE="int" LENGTH="10" NOTNULL="true" SEQUENCE="false"/>
        <FIELD NAME="program_courses" TYPE="text" NOTNULL="true" SEQUENCE="false"/>
      </FIELDS>
      <KEYS>
        <KEY NAME="primary" TYPE="primary" FIELDS="id"/>
      </KEYS>
    </TABLE>
  </TABLES>
</XMLDB>